901901901,121 408 Kerby Street Arlington Texas   76013,Mailing
902902902,140 406 Kerby Street Arlington Texas   76013,Mailing
903903903,131 405 Kerby Street Arlington Texas   76013,Mailing
904904904,131 405 Kerby Street Arlington Texas   76013,Mailing
905905905,125 501 UTA blvd Arlington Texas   76013,Campus
906906906,131 506 UTA Blvd Arlington Texas   76013,Campus
907907907,101 408 Kerby Street Arlington Texas   76013,Mailing
908908908,145 501 Summit Avenue Arlington Texas   76013,Mailing
909909909,036 408 UTA Blvd Arlington Texas   76013,Campus
910910910,128 507 Summit Avenue Arlington Texas   76013,Mailing
911911911,130 510 Summit Avenue Arlington Texas   76013,Mailing
912912912,128 407 Kerby Street Arlington Texas   76013,Mailing
905905905,125 419 Summit Avenue Arlington Texas   76013,Mailing
906906906,127 417 Summit Avenue Arlington Texas   76013,Mailing
909909909,129 415 Summit Avenue Arlington Texas   76013,Mailing
901901901,036 410 UTA Blvd Arlington Texas   76013,Campus
902902902,036 410 UTA Blvd Arlington Texas   76013,Campus
903903903,136 405 UTA Blvd Arlington Texas   76013,Campus
904904904,136 405 UTA Blvd Arlington Texas   76013,Campus
907907907,501 100 UTA Blvd Arlington Texas   76013,Campus
908908908,501 100 UTA Blvd Arlington Texas   76013,Campus
910910910,501 100 UTA Blvd Arlington Texas   76013,Campus
911911911,130 408 UTA Blvd Arlington Texas   76013,Campus
912912912,128 506 UTA Blvd Arlington Texas   76013,Campus
